scientificName,specificEpithet,botanicalCountries
Calceolaria arachnoidea,arachnoidea,"[""CLC""]"
Calceolaria ascendens,ascendens,"[""CLC""]"
Calceolaria atahualpae,atahualpae,"[""BOL"", ""PER""]"
Calceolaria collina,collina,"[""CLC"", ""CLN""]"
Calceolaria corymbosa,corymbosa,"[""AGE"", ""AGS"", ""AGW"", ""CLC"", ""CLS""]"
Calceolaria densifolia,densifolia,"[""CLC""]"
Calceolaria dentata,dentata,"[""AGS"", ""AGW"", ""CLC"", ""CLS""]"
Calceolaria engleriana,engleriana,"[""BOL"", ""PER""]"
Calceolaria ericoides,ericoides,"[""ECU"", ""PER""]"
Calceolaria filicaulis,filicaulis,"[""AGS"", ""AGW"", ""CLC"", ""CLS""]"
Calceolaria flexuosa,flexuosa,"[""PER""]"
Calceolaria glandulosa,glandulosa,"[""CLC"", ""CLN""]"
Calceolaria inamoena,inamoena,"[""CLN"", ""PER""]"
Calceolaria incarum,incarum,"[""PER""]"
Calceolaria meyeniana,meyeniana,"[""CLC""]"
Calceolaria parvifolia,parvifolia,"[""AGW"", ""BOL"", ""PER""]"
Calceolaria valdiviana,valdiviana,"[""AGS"", ""CLC"", ""CLS""]"
